text,label
Cepat sampaiiiiiiiiiiiiiiiiiiiiiiiiii,Pengiriman
Fast response recommended seller,Layanan Pelanggan
Barang bagus tapi analog kiri sama kanan kalo di setting jadi sama terus selain itu bagus,Produk
keren gan Produknya buat main games,Produk
mantap gan!!!!!.Barang bagus juga ,Produk
Sialan cepat banget responnya Cuman sejaman paket sudah di tangan Recommended seller deh pokoknyaa,Layanan Pelanggan
ggwp 1 hari sampai mantap jiwa,Pengiriman
Bagus sesuai dengan pesanan!,Layanan Pelanggan
Kirain bisa make stik ini buat gta v,Produk
Barangnya berfungsi dengan baik mantap apalagi harganya untuk kurir gosend terlalu lama sampai 2 hari bintang 3 untuk kurir,Produk
Fast response fast delivery good product thanks seller dan tokopedia,Layanan Pelanggan
Barang bagus dan murah rekomen,Produk
belum dicoba semoga awet. thanks,Produk
mantaaaaaaptop markotop lah,Layanan Pelanggan
terima kasih barang telah tiba,Layanan Pelanggan
Barang oke tapi belum di test. thanks seller,Produk
Barang bagus berfungsi baik. Tombol d-pad cukup nyaman dipakai tombol L2 &  R2 agak sulit ditekan analog berfungsi baik tapi tipis &  keras jika dipakai lama membuat jari sedikit sakit. Overall ok Pengiriman cepat.,Produk
barang sudah diterima dengan baik fast response packing rapi sesuai dengan gambar dan spec very recommended seller!!!,Layanan Pelanggan
pesanan seusuai dengan deskripsi,Layanan Pelanggan
Respond dan Pengiriman bagus dan cepat sudah saya coba joysticknya bagus masih baru cuman gak enaknya tombol bagian L2 dan R2 nya keq agak mendem jadi gak terlalu enak dipakai kalo make tombol itu but overall nice la,Produk
Sangat puasssssssssssss,Layanan Pelanggan
mantappppppppppppppppppppppp,Layanan Pelanggan
barangnya sesuai orangnya ramah. recommended seller,Layanan Pelanggan
sudah saya terima gan terima kasih ya,Layanan Pelanggan
barang cepat sampee sesuai dengan deskripsi,Pengiriman
baguÃŸssssssssssssssssssssssssssssssssssssssss,Produk
Fast respon &  delivery. Belum dicoba sticknya karena msih kerja,Layanan Pelanggan
Kualitas Produk yang disarankan oleh seller terbaik!! Tombol responsif dan kualitas terbaik! Packaging juga aman dan rapi! Recommended seller!,Layanan Pelanggan
mantap lancar gak ada masalah,Pengiriman
barang sesuai pesanan datang tepat waktu kualitas oke,Layanan Pelanggan
sudah dterima kasiha dan fungsi dengan baik ,Produk
Bekerja dengan baik thanks.,Produk
Recommended lah tapi saran dikasih bubble wrap ya gan biar lebih aman Produknyaa,Layanan Pelanggan
Barang sesuai pesanan Pengiriman cepat respon seller mantap. Recommended Seller ,Layanan Pelanggan
Cepat. mantaphhh ,Pengiriman
barang sudah sampai sudah dicoba lancar jaya gak ada masalah mantap,Produk
Kualitas sesuai deskripsi  ,Produk
mantap langsung bisa maninan PES,Produk
Luar biasa cepat ğŸ‘ğŸ»ğŸ‘ğŸ»ğŸ‘ğŸ»belum ditest semoga gak ada problem,Pengiriman
Kualitas baik langsung bisa dipakai dikomputer,Produk
barang sesuai deskripsi belum dicoba sih tapi mudah mudahan bisa. thanks,Produk
Framenya clunky. Tombol mappingnya gabener o jadi segitigakdll Yah budenganet gaming boz.,Produk
Barang sampai dengan cepat sesuai pesanan dan lancar dipakai packangingnya biasa aja sih tapi mulus terima kasih gan!,Produk
Pelayanan ok barang ok berfungsi baik thanks,Layanan Pelanggan
barang sesuai pesanan respon cepat pengirman aman.,Layanan Pelanggan
sudah dipakai lancar jaya. mantap.,Produk
Fast respon cepat banget,Layanan Pelanggan
Bisa dipakai tapi key nya kacau kayak analogny kalo mau maju kedepan analog kananny dikekiriin,Produk
mantap lah lumayan nuhun,Produk
Biar bintang bicara ğŸ‘. Barang mantap,Produk
Barang sesuai pesanan fast response,Layanan Pelanggan
Fast delivery price to qualithanks very oke  ,Pengiriman
Tombolnya nyaman dipencet dan mudah digunakan,Produk
packing sangat rapi mantap,Layanan Pelanggan
Favorite. matur nuwun ,Produk
Pengiriman sesuai apa yang diminta pesen siang sore langsung sampai best seller ever ğŸ‘,Layanan Pelanggan
Sangat cepat dan sesuai dengan gambar.,Layanan Pelanggan
Barang bagus dan barang cepat sampai,Produk
"Semua tombol berfungsi dengan baik 
Tapi jugan berharap lebih.
Ada harga ada rupa xixixixi",Produk
Sesuai dengan Produk yang di tampilkan,Produk
Periguuuuuuddddddd alus pisan nuhun,Produk
Good___________________,Produk
thanks gan fast respon barang bagus mantap lah,Layanan Pelanggan
mantap jiwaaaaa bosqqqqqq,Produk
BINTANG yang BERBICARA ğŸ˜ğŸ‘ğŸ½,Layanan Pelanggan
Joystick sudah sampai kualitasnya oke banget,Produk
barang sampai semoga jalan,Pengiriman
Barang masih berfungsi &  bagus tapi Pengiriman agak lama.,Produk
Barang bagus cuman gak sesuai barang,Produk
Ramah dan cepat banget bales chat dll barang sampai dengan selamt tapi sayang gan mereknya gak sesuai dikasinya nisuta yang di cantumkan m-tech td dicoba lancar aja sih semoga kedepannya di beritahukan dlu gan / cantumkan di deskripsi.,Layanan Pelanggan
Barang cepat sampai kurang hanya tombol start ketika dipencet kadang suka gak balik lagi harus di congakel lagi pakai jari,Produk
Gooooooooooooooddddddddd,Produk
Selama beli barang di tokopedia baru ini Pengiriman yang super cepat haha. Gak sampai sejam dari pemesanan langsung datang. Thanks gan sukses terus,Pengiriman
Stick lancar gada kendala mantap,Produk
Barangnya mantub gan!!,Produk
Murah barang cepat sampai,Pengiriman
ntap soul Recommended seller,Layanan Pelanggan
Produk bagus Pengiriman cepat. tapi belum coba pakai joystickny semoga 2 2 yang brfungsi dengan baik ,Pengiriman
Barang sesuai deskripsi semoga awet,Produk
Sesuai pesanan  ,Layanan Pelanggan
Awalnya kecewa karena tidak dapat digunakan sama sekali di PES 2016. Setelah coba di PES 2017 lancar sekali dan bagus semua fungsi normal. Terima kasih packaging juga rapi dan aman.,Produk
bagus Pengiriman cepat dan fast respon sukses teruz gan,Layanan Pelanggan
Respon cepat Pengiriman cepat barang oke terima kasih banyak :),Layanan Pelanggan
Lancaaaar jayaaaaaaaa,Layanan Pelanggan
Bagusssss Recommended banget,Produk
Barang bagus dipaketkan dengan sangat rapi,Layanan Pelanggan
barangnya mantap packingnya rapi,Layanan Pelanggan
thanks barang sudah sampai dengan selamat ok semua,Layanan Pelanggan
siyap thank you gan belum dicoba sih,Produk
Alhamdulillah sampai dengan selamat fast response next diperbaiki aja packing&#39;a pakai dus biar rapi barang belum dicoba semoga berfungsi dan aweett,Layanan Pelanggan
Sesuai dengan. Deskripsi tidak ccd overall mantap souuuuuuullll,Produk
Baik recomendasi order disini aja bca bagus,Layanan Pelanggan
harga sesuai dengan kualitas cmn ada yang klick kirinya agak nempel pas di pencet tapi gpp good,Produk
Barang bagus berkualitas dan Pengiriman cepat,Pengiriman
Baguss mantap sesuai pesanan,Layanan Pelanggan
sip dech tapi belum dicoba,Produk
Product bagus tombol2 empuk Respon cepat Pengiriman cepat &  packing bagus Recommended seller.,Produk
Barang sudah sampai tujuan dalam kondisi baik proses Pengiriman sangat cepat terima kasih ,Pengiriman
barang sangat ok dan dapat digunakan dengan baik,Produk
"thanks gan Pengiriman cepat 
Kualitas mantap pokokee.",Pengiriman
Barang diterima berfungsi dengan bauk dan cepat,Produk
"Sesuai dengan deskripsi  Nice
Pengiriman agak lama",Pengiriman
respon cepat langsung kirim hari itu juga barang sudah ditester lancar thanks gan,Layanan Pelanggan
semalam pesan hari ini sampai sudah dicoba berfungsi baik. thanks,Pengiriman
sangat baik kualitasnnya,Produk
thanks ya gan barang sudah sampai nih belum dicoba tapi,Pengiriman
Good seller respon cepat barang selamat :),Layanan Pelanggan
Sesuai deskrip dan cepat sampai,Pengiriman
Barang cepat sampainyaa! Trusted juga. Thankyou Multi Komputer!ğŸ–,Pengiriman
"Produk persis dengan yang di gambar. Pengiriman cepat. Seller juga fast response. Recommendedlah.
Sukses terus gan",Layanan Pelanggan
lumayan lah   ,Produk
barang sampai dengan selamat! thanks,Pengiriman
Oke sudah diterima semoga lancar dan awettt,Pengiriman
Barang murah tapi gak murahan,Produk
Stick sudah sampai terima kasih,Pengiriman
Barang berfungsi dengan baik.,Produk
Buat main game di pc. Lumayan bagus,Produk
Niceeeeee :) Dapet yang M-tech hehe,Produk
barang sangat bagus dan memuaskan,Produk
GoodJob! Selalu berikan yang terbaik untuk konsumen!,Layanan Pelanggan
mantap lur sukses terus,Layanan Pelanggan
baguslah tapi belum dicoba,Produk
mantap lah  ,Produk
Response cepat Pengiriman cepat semoga barangnya bagus.,Layanan Pelanggan
dicoba dulu semogak bisa,Produk
"Quick response.
Sayangnya Produk yang diterima merk nya bukan M Tech.
Tapi tidak apa karena Produk memuaskan.
Thanks.",Layanan Pelanggan
Barang bagus cepat sampai namun ada sedikit masalah sana usb nya,Produk
Sesuai dengan deskripsi mantap,Produk
Barangnya bagus,Produk
Nice tapi dikirimnya lama mesen kamis dikirim sabtu,Pengiriman
Barang bagus cepat sampai ! Top deh,Pengiriman
Stik nya sudah bisa kok. Pelayanan nya cepat,Layanan Pelanggan
barangnya cepat nyampe,Pengiriman
"Cepat sampainya
Packing rapi",Layanan Pelanggan
Barang sudah diterima dan sesuai dengan harganya,Produk
Barang sesuai berfungsi dengan baik,Produk
Baguss banget barangnyaa ok,Produk
sip barang normal tanpa ada masalah.,Produk
Pengiriman cepat harga paling murah berkualitas,Pengiriman
Thank you Seller  ,Layanan Pelanggan
harga proses Pengiriman pengepakan foto warna dan deskripsinya oke :) Pemfungsian baru oke untuk x360ce semoga untuk gim juga oke. Rekomendasi deh!,Layanan Pelanggan
Barang berfungsi dengan baik Thanks gan,Produk
sesuai pesanan semoga awet barangnya,Produk
mantappp gan bagus barangnya,Produk
Thanks Gan barang sudah sampai packing rapi dan Fast respon. semoga Tambah laris lapaknya,Layanan Pelanggan
Stick yang datang ada 2 tombol yang tidak berfungsi,Produk
Belum dicoba tapi barang sampai selamat packingnua juga bagus semoga awet,Layanan Pelanggan
Barang berfungsi dengan baik packing aman oge :v,Layanan Pelanggan
mantap sudah sampai barangnya.,Pengiriman
Thanks gan barang sudah sampai packing rapi berfungsi dengan baik,Layanan Pelanggan
"Masa dikirimnya ke nomer 3 padahal di situ sudah tertulis alamatnya nomer 33
Untungnya masih tetagak saya jadi tau",Pengiriman
barang sudah sampai ya kualitas sih sesuai harga gak bagus juga gak jelek ğŸ‘ğŸ¼ yang pasti cepat respon penjualnya good job,Layanan Pelanggan
Stik yang satunya ada tombol yang gak berfungsi om Bagian L1 tapi gpp ane jarang maen PES juga soalnya Yang satunya OK ğŸ‘,Produk
cepat sesuai deskripsi &  fungsi mantap,Pengiriman
barang sesuai dengan gmbr kondisi baru respon cepat Pengiriman cepat,Pengiriman
respon chat cepat pesen pagi siang sampai,Layanan Pelanggan
Bagus Om  berfungsi dengan baik sukses !,Produk
Barang sudah diterima dan bagus serta nyaman digunakan.,Produk
. RECOMMENDED SELLER   ,Layanan Pelanggan
respon cepat. Produk sesuai dengan gambar,Layanan Pelanggan
Pengiriman cepat barang sesuai gambar dan deskripsi kualitas semoga oke ,Pengiriman
Proses dan Pengirimannya cepat banget! Packing rapi barang sesuai pesanan. Thanks,Pengiriman
Produk baik Packing rapi Sesuai Deskripsi  ,Layanan Pelanggan
"mantap djiwa testing aman lancar jayaaa. Legit normal mantap
sayang packing agak beliyutan",Layanan Pelanggan
Respon fast dan Pengiriman cepat,Layanan Pelanggan
memang bener2 cepat gak ada 5 jam barang sampai recommended banget Barang oke pula Thanks gan.,Pengiriman
Pengiriman cepat dan berfungsi dengan baik. semoga awet,Pengiriman
Bagus barangnya nice laahh mantap,Produk
mantap. Kualitas tombol nya enak,Produk
barang bagus tapi cuman Pengirimannya aja yang diperbaiki langsung,Pengiriman
murah dan berfungsi baik,Produk
Barang berfungsi baik respon dan Pengiriman cepat,Layanan Pelanggan
Ok lah ok lah ok lah ok lah,Layanan Pelanggan
barang cepat sampai walau L2 agak keras overall good semoga awet!,Produk
Barang sudah sampai. Package rapi,Layanan Pelanggan
Barang sudah diterima Thanks gan tinggal dicoba.,Layanan Pelanggan
mantap  packing nya,Layanan Pelanggan
Kondisi barang baik saat dicoba dapet CD Drive packing rapi,Layanan Pelanggan
Barang sudah sampai dan packing nya rapi,Layanan Pelanggan
mantap Pengiriman cepat barang bagus,Pengiriman
Barang sesuai pesanan. Hanya ada sedikit cacat pada tombol. tapi tidak masalah,Produk
barang sudah sampai dan langsung ditest. Button arah bawah tidak berfungsi. Padahal deskripsi ditest sebelum dikirim.,Produk
liat bintang aja ya haha,Produk
packing aman barang sampai dengan aman terima kasih banyak,Layanan Pelanggan
thanks bos barang sudah diterima ,Layanan Pelanggan
barang cukup baik dan sampai tepat waktu,Produk
Fast respon banget barang yang dipesan berfungsi dengan baik thanks,Layanan Pelanggan
Thanks gan barang sudah diterima pelayanny ramah dan proses nya juga cepat packing rapi barang belum dicoba tapii over all kyknya oke lah.terima kasih ,Layanan Pelanggan
mantap gan packing oke Pengiriman super cepat dan barang berfungsi sebagaimana mestinya :),Layanan Pelanggan
Top seller deh meskipun JNEnya lama,Layanan Pelanggan
mantap respon sellernya cepat,Layanan Pelanggan
Thanks Bro. Langsung dipakai Main MOBILE LEGEND,Produk
bagian usb nya agak longgar jadi pas masuk di port goyang goyang sudah di colok mati idup mati idup,Produk
Good sip sesuai harga,Produk
Sip barang sudah sampai. Kualitas oke. thanks,Produk
Saya senang berbelanja di tokoh ini,Layanan Pelanggan
Good sesuai dengan deskripsi ,Produk
"Kesesuaian dengan deskripsi
Cth: Ukuran dan warna sesuai dengan foto.",Produk
"gak kedetect
gak bisa dipakai
zzzzzz",Produk
barang cepat sampai gan.,Pengiriman
"barang sudah sampai mantap tapi belum sempat nyoba
terima kasih",Produk
Bagus. Sesuai dengan harga,Produk
mantap jiwa sip oke,Produk
Thanks bos barang sudah tiba,Produk
sip barangnya oke sorry telat,Produk
mantap gan. laen kali pesen langsung,Layanan Pelanggan
recommended sellerer barangnya sesuai deskripsi semoga awett,Layanan Pelanggan
ok nh Produk luar binasa,Produk
Good stick gan mantap,Produk
analog kiri gak berfungsi gan.,Produk
Pesanan sesuai dan diterima dengan rapi belum dicoba semoga awet.thanks gan,Layanan Pelanggan
harga dengan kualitas barang sesuai.,Produk
deskripsi sesuaian dengan yang ditawarkan fungsi baik,Produk
Alhamdullilah kualitasnya bagus gak nyesel deh belinya,Produk
Sesuai dan berfungsi baik thanks.,Produk
Sudah diterima. semoga barangnya awet dan sukses terus buat agan.,Pengiriman
Sesuai dengan penjelasan,Layanan Pelanggan
Barang oke sesuai gambar ;),Produk
Barang gak bisa di pakai gimana dong saya mau tuker tolong dongg punya orang soalnyaaa,Produk
Stick nya berfungsi dengan baik. Pengiriman via gojeknya yang lama. Overall good. thanks gan,Pengiriman
"Respon cepat
Sukses lapaknya",Layanan Pelanggan
Baru sampai barangnya belum lihat tapi semoga awet,Pengiriman
barang cepat sampai respin penjual cepat kualitas barang baik,Pengiriman
Barang cpettt sampai. kualitas lumayan not bad ,Pengiriman
Untuk diharga segini lumayan untuk kere seperti saya hehe,Produk
Pengiriman cepat kualitas barang ok,Pengiriman
mantap bos barangnya,Produk
sudah nyampe gan terima kasih nyaman banget dipakai nya,Produk
Good bagus mantap,Produk
Sebenarnya sudah bagus yang buat kecewa hanya barang yang di order berbeda dengan yang datang saya ordernya M-Tech yang datang malah K-One berhubung pas di tes aman2 aja yahh ok lah,Produk
barangnya cepat sampai kok.bagus gan.,Pengiriman
Thanks Pengiriman cepat dikirim cepat packing oke.,Pengiriman
Respon cepat batang sesuai ,Layanan Pelanggan
barang sudah sampai packing rapi dan sesuai deskripsi,Layanan Pelanggan
Produk berkualitas dan pelayanan cepat,Produk
Fast respon fast kirim barang bagus tapi ringan,Layanan Pelanggan
Ada 1 tombol yang kalo di teken macet baliknya,Produk
Barang sudah sampai dan Produk bekerja dengan baik Thanks semoga sukses gan,Produk
Sangatttt recommended banget pedagang pling cepat menurut gw pesen kemarin sore. Hari ini sudah datang aja kalian harus beli disini,Pengiriman
Paket sudah diterima dengan baik Mohon maaf telat review,Pengiriman
Very veryy fast respon. pesanan cepat sampai ,Layanan Pelanggan
Paket langsung sampai dalam hitungan jam dan barang sejauh ini ok,Pengiriman
barangnya sesuai gambar fast respond,Layanan Pelanggan
Barang sudah sampai fast respon keren deh pokoknyaa! ,Layanan Pelanggan
Barang bgus sesuai gambar,Produk
barang sampai dengan cepat packing rapi barangnya bagus terima kasih gan,Pengiriman
Kualitas baik Pengiriman cepat fast respond,Pengiriman
barang berfungsi dengan baik respon penjual cepat dan tanggap barang juga sampai tepat waktu. Recommended!,Layanan Pelanggan
barangnya sudah sampai dengan selamat dan berfungsi dengan baik mantapb,Produk
Lumayan lah its oke fast respon,Layanan Pelanggan
Barangnya lumayan tapi aftersales jelek. Giliran sudah beli nanya baik2 gak ditanggepin sama sekali ğŸ‘,Layanan Pelanggan
Respon cepat hari ini pesan besok sampai. mantap. semoga awet ya minimal setahun hehehe. thanks,Layanan Pelanggan
Produk yang saya terima sesuai dengan foto,Produk
terima kasih gan barang sudah sampai di tujuan dengan baik dan benar sesuai pesanan. Berfungsi dengan baik stick nya langsung dipasang di laptop dan lagi di mainkan sama anak saya mantap,Layanan Pelanggan
Packing rapi cepat dan berfungsi dengan baik,Layanan Pelanggan
respon chat cepat barang sesuai pesanan packing rapi + bubble dan cepat sampai,Layanan Pelanggan
"Gan barang saya telah terima bagus
 barang rapi.",Layanan Pelanggan
mantap recommended seller!,Layanan Pelanggan
mantap gan sukses terus gan ,Layanan Pelanggan
Bagus cepat sampai barang normal rec seller,Layanan Pelanggan
murah Pengiriman cepat packing rapi recommended seller lah pokoknyaa,Layanan Pelanggan
nice. Recommended seller,Layanan Pelanggan
"pelayanan oke barang lumayan 
packingan juga lumayan di lapis bubble wrap 
semoga awet ",Layanan Pelanggan
murah. cepat dan berfungsi,Produk
Sepadan sm harga yang penting bisa di pakai dan recommended seller,Layanan Pelanggan
terima kasih. harga pas kualitas mantap,Layanan Pelanggan
gamepad nya sudah nyampe & bekerja dengan baik packing rapi.,Layanan Pelanggan
Kualitas stick cukup oke agak kurang enak untuk bagian analog tapi overall cukup oke Sesuai dengan harganya packing rapi dan cepat.,Produk
Barang sudah diterima dalam kondisi baik,Layanan Pelanggan
Ok. Sesuai pesenan. Thanks ,Layanan Pelanggan
mantapsudah sampaithanks sukses slalu,Layanan Pelanggan
mantap SESUAI Recommended SELLER,Layanan Pelanggan
sudah di tes buat maen pro evolution soccer oke,Produk
terima kasih gak nunggu lama barang sampai. Oke banget,Pengiriman
Barang sesuai pesanan. Penjual sangat responsif dan barang saya terima dalam kurun waktu 3 jam pemesanan. Terima kasih.,Layanan Pelanggan
barang ok tambahkan stok,Produk
Good deh.,Produk
thanks barang sudah sampai. mantap,Layanan Pelanggan
Terima kasih pesanan sudah saya terima dan saya senang semoga sukses,Layanan Pelanggan
barang cepat sampai packing rapi plug dan play,Layanan Pelanggan
analog sudah keras. overall oke,Produk
barang dikemas dengan mulus overall memuaskan,Layanan Pelanggan
sangat memuaskan kualitas barang dan respon dari penjualnya,Layanan Pelanggan
terima kasih barang sudah sampai pokoknyaa mantap jugan ragu buat beli di agan ini rekomen,Layanan Pelanggan
bagus sesuai gambar Pengiriman cepat nyala tapi Belum ngerti pakenya hehehe thank u,Pengiriman
barangnya sudah sampai walaupun agak lama,Pengiriman
mantap gan langsung gas maen fifa,Produk
Barang sudah sampai dan sudah dicoba,Produk
"sesuai gambar dan ekspektasi semua tombol berfungsi dengan baik di device properties nya.
gak perlu repot langsung plug dan play. kecepatan respon juga oke. nice lah!! mantap gan",Produk
rumayan sticknya bagus,Produk
barang bagus sesuai Produk,Produk
Produk dan pelayanan tokonya sangat bagus.,Layanan Pelanggan
mantap gan. barang nyampe dengan selamat,Layanan Pelanggan
stiknya sudah sampai dengan bagus,Produk
barang top markotop gan langsung cekgur di pakai nya terima kasih gan.,Produk
Good rep haha stok mtec lagi bang,Layanan Pelanggan
Belum dicoba tapi pesanan sampai cepat banget sudah,Pengiriman
Paket sudah mendarat thanks,Pengiriman
barang sudah nyampe. Belum sempet di buka sama coba. maleman dikit nanti di test ,Pengiriman
murah cepat dan bagus,Produk
ok ok kkkkkkkkkkkkkkkkkkkkkkkkkk,Produk
bagus  meski tibanya lama karna jne nya libur natal,Pengiriman
barang sampai dengan selamat dan sesuai dengan gambar + penjelasan,Produk
Produk akurat respon cepat.,Layanan Pelanggan
pelayanannya cepat pesen pagi siang sampai barang bagus sesuai harga lah ,Layanan Pelanggan
barang oke tapi packing gojeknya tolong diperbagus lagi,Layanan Pelanggan
mantaap barang cepat sampaiiii dan kualitas tetap terjagaa !! stick nya brfungsi semuaa dan kg ad yang lecet maupun rusak. dan suport di windows 10 kg pakai sttingan lagi langsung pacal ,Produk
Sudah dicoba & tidak ada kendala. semoga awet,Produk
mantap rapi barang cakebbb,Layanan Pelanggan
harga yang sangat murah. barang lumayan bagus. nice,Produk
thanks gan cepat banget sore sudah sampai,Layanan Pelanggan
Produk sesuai gambar,Produk
Seller respon cepat kualitas mtech,Layanan Pelanggan
barang mendarat dengan aman thanks,Pengiriman
Barang oke dan Pengirimannya cepat,Pengiriman
terima kasih banyak gan,Layanan Pelanggan
okeeeee beuuudddddddddddddddddddddd,Produk
mantap jaya pokoknyaa,Produk
Packing bagus fast respon barang bagus,Layanan Pelanggan
barang sudah diterima dengan baik dan sudah di tes juga OKE,Produk
bagus sekali terima kasih sukses selalu,Layanan Pelanggan
sesuai dengan deskripsi gan. pas,Produk
Produk Oke Sesuai dengan Harga,Produk
mantap Paket sudah nyampe,Pengiriman
barang sesuai dan Pengiriman cepat walaupun tombol R2 nya rada nyangakut,Produk
Produk sesuai deksripsi terima kasih bos ,Produk
lumayan lah buat harga segitu dapat barang bagus :) thanks,Produk
sangat bagus sangat mantap,Produk
terima kasih gan barang.a sudah nyampe dan berfungsi dengan baik,Produk
pelayanan dan barang oke,Layanan Pelanggan
Barang sesuai deskripsi sesuai harga semogak awet thanks,Produk
wahh sayaukron jazakallah barangnya cepat nyampe padahal pakai yang paling lama nyampe barangnya juga bagus ,Pengiriman
wuis. barang sesuai deskrpisi makasi gannn,Produk
stick yang emang kurang tebel dan empuk sih tapi overall stick yang berfungsi dengan baik dan worth it lah untuk harga segini.,Produk
Proses dan Pengiriman luar biasa cepat packing aman dan yang paling penting gamepad berfungsi dengan sangat baik (kompatibel windows 10) plug dan play tanpa perlu install driver (tapi CD instalasi juga termasuk di paket). Great product great seller!,Produk
barang sudah saya terima thanks,Layanan Pelanggan
Pengiriman cepat gamepad bagus dan berfungsi dengan baik,Produk
Bagus Kirimnya cepat,Pengiriman
respon cepat barang sesuai deskripsi. recommended seller gan.,Layanan Pelanggan
barang sesuai dengan spek nya sudah dicoba gak ada mslah overall ok lah,Produk
"harga kaki lima
kualitas meikarata",Produk
Thanks gan barang sesuai dengan deskripsitetapi saya belum bisa untuk fungsi getarnya,Produk
Packing rapi bagus (ya),Layanan Pelanggan
respon cepat Pengiriman juga cepat. top sudah pokoknyaa,Layanan Pelanggan
sampai cepat stik berfungsi good,Produk
Sudah ditest dan semua berjalan dengan baik.,Produk
mantap barangnya berfungsi 100% cuman kendala Pengiriman aja sempet salah rute tapi Alhamdulillah sampai juga hehe thanks,Produk
Recommend seller fast respon,Layanan Pelanggan
tokoh terbaik ini sih fast respon fast Pengiriman fast dan furious,Layanan Pelanggan
Baugus lah ,Produk
barang sampai tujuan dan berfungsi sesuai harapan,Produk
cepat respon cepat kirim dan barang tepat sesuai harapansudah dicoba dan bisa langsungs digunakan sukses sll yamantap,Layanan Pelanggan
barang ringan. packing rapi. good,Layanan Pelanggan
barang sudah samape dan bagus nanti mau beli lagi terima kasih,Produk
Barang oke kualitas juga oke,Produk
ok barang sudah sampaiberfungsi dengan baik thanks,Produk
"bagus
tombol2 empuk
terima kasih
beli 3 masih dicoba 2 normal",Produk
Produk sudah sampai dengan baik kecepatan pengirim sangat baik. Recommended seller,Layanan Pelanggan
barang sampai dengan aman,Pengiriman
stick nya lanjay di pakai di pc pelayanan okeee,Produk
Thanks gan barang sudah mendart dan ok sorry tepat review gan haha,Layanan Pelanggan
Barang mantap sesuai pesanan,Produk
Pengiriman cepat respon cepat barang mantap tops,Pengiriman
mayan bos barangnya buat maenan FiFA,Produk
ntap   ,Produk
Barang bagus packing rapi thanks gan ^^,Layanan Pelanggan
maaf terlambat ulasannya. barang sudah diterima dengan sangat baik,Produk
respon cepat lancar terus,Layanan Pelanggan
mantap! Recommended seller. Item cepat sampai. Gue rasa tuh orang ngirimnya pakai awan kinton.,Layanan Pelanggan
barang diterima sesuai yang ditawarkan bagussss,Produk
Barang bagus Pengiriman cepat. Thanks!!,Pengiriman
Pengiriman cepat aman dan bagus,Pengiriman
thankyou gangood,Produk
thanks gan barang bagus banget berfungsi dengan baik,Produk
ada harga ada rupa. dengan harga segini tergolong cukup baik. plusnya murah dan lancar digunakan (tested on PES 17). minusnya ringakih ringan tombol ada yang tidak presisi.,Produk
mantap fast response nih thanks!!,Layanan Pelanggan
sangat bagus Produknya thanks,Produk
respon cepat Pengiriman cepat packing rapi thanks gan,Layanan Pelanggan
Lumayan buat main game di laptop Pengiriman cepat,Pengiriman
terima kasih gan. barang sudah diterima,Layanan Pelanggan
good nice downlod drivernya di mana ya gan? ane gak ada slot dvd drive soalnya,Produk
tengakiyu fast respon dan barang pesanan berfungsi dengan baik ,Layanan Pelanggan
mantap sekali,Produk
barang yang dipesan sesuai harga,Produk
kulit kabel ada yang sobek koneksi ke port usb pc nyala mati berulang ulang. masih di usahakan untuk bisa bermain di pc. Bintang 3 smntara sampai slsi setting controler untuk pc,Produk
barang sudah tiba dengan baik tapi belum dicoba thanks,Produk
Barang sudah sampai respon cepat packing rapi dan aman walaupun beda merk yang saya request mdh2an kualitasnya sama bagusnya terima kasih,Layanan Pelanggan
tidak bisa digunakan,Produk
Pelayanan cepat barangnya oke,Layanan Pelanggan
barang sudah sampai sesuai dengan deskripsi dan harga,Produk
semoga awet. tapi barang agak lama sampai pas malam2 baru diterima,Pengiriman
Seller fast response Recommended top punya lah pkoknya. Barang dikirim langsung kualitas ok,Layanan Pelanggan
sesuai dengan harganya. thankyou yaaa,Produk
kualitas bagus sebanding dengan harganya yang murah :-),Produk
barangnya mantap sesuai dengan harga. murah tak murahan,Produk
terima kasih barangnya sudah sampai dan berfungsi dengan baik. :),Produk
"packingnya bagus datengnya cepat.
ok dahh",Pengiriman
"Pengiriman cepat dan selamat sampai tujuan.
tapi barang belum di test",Pengiriman
Terima kasih banyak barang telah saya terima ,Layanan Pelanggan
Respon cepat sampai cepat barang okeee ,Layanan Pelanggan
mantapbb work perfectly!!!!!!,Produk
respond cepat barang sesuai ,Layanan Pelanggan
"fast respon
thankssssssssssssss",Layanan Pelanggan
sip barangnya ready plug dan play,Produk
Pesan 2pcs tapi dikirimnya satu minta tlg dikirim kekurangan barang tapi katanya gak bs cuma bisa di transfer balik uangnya.,Layanan Pelanggan
Barang telah diterima dan di test hasil baik,Produk
"barang sudah sampai tapi belum dicoba mudah""an awet",Pengiriman
barang sudah sampai dan sesuai pesanan,Produk
mantap bang cuma tombol starnya gak bisa di pijit,Produk
sampai dengan selamat,Pengiriman
"Cepat Tepat Akurat Berkualitas :D
Topp seller sudah :D",Layanan Pelanggan
sip Barang Sudah Sampai terima kasih,Pengiriman
mantaap gan sudah ane coba maen crash team racing. lancar jaya,Produk
kirain besok nyampeknya. ehh tdi pas pulang sekolah sudah ada barangnya. thanks ,Pengiriman
langsung sampai cmn bbrp jam mantap,Pengiriman
terima kasih banyak ya boss mantap,Layanan Pelanggan
"dikirim jam 12.00 terima jam 17.00
Pengiriman cepat",Pengiriman
barangnya bagus sampenya cepat cepat sampenya bagus barangnya oh raisa mengapa engakau menikah. semoga kau bahagia. terima kasih,Pengiriman
Baguslah pokoknyaa dan cepat Pengirimannya gak kaya tokoh lain,Pengiriman
Terima kasih barang sudah sampai tombol empuk enak tapi ada beberapa yang harua di teken kedalam ,Produk
maap baru sempeet baless barang sudah diterimaa dengan selamat terima kasih ,Pengiriman
Lumayan lah buat main PES thanks,Produk
mantap barang sudah saya terima Pengiriman cuma 2 hari thanks ya tapii belumsaya coba,Pengiriman
barangnya sampai dengan selamat Pengirimannya cepat cuma sehari. stiknya sudah dipakai buat nostalgia main harvest moon berjalan dengan sempurna haha thanks ^_^,Pengiriman
semoga awet gan barangnya terima kasih,Produk
Saya beli 2 stik. cuma satu yang jalan satunya lagi analognya rusak. kecewa. baru pertama kali ngasih bintang 3 di tokopedia males ikut proses retur mending di pretelin aja buat sparepart stik yang satunya tolong di tingakatkan lagi kualitasnya. terima kasih,Produk
barang sudah diterima sesuai deskripsi,Produk
Ooookkkkkeeeeeeeeeee,Produk
Barang sampai dengan mulus tetapi ada satu yang saya sayangakan yaitu tombol segitigak menjadi X. Terima kasih!!!,Produk
"Sorry lama ngasi testi gan.
Stick sampai tepat waktu dan berfungsi normal. Walaupun merk yang sampai beda dengan gambar overall memuaskan.",Produk
Wajar lah dengan harga yang sangat murah But sellernya ok punya fast respon pesen jam 1 jam 4 tiba ,Layanan Pelanggan
walaupun gak sama kaya di gambar tapi bekerja 100 persen joysticknya,Produk
penjualnya ramah chat cepat dibalasnya. Pengiriman via gosend cepat order pagi sore sudah tiba. padahal jakarta - tangerang. kualitas barang sesuai deskripsi.,Layanan Pelanggan
saya dapet yang mereknya K-One saya pakai untuk main Zelda Breath of The Wild di PC. semua tombol berfungsi dengan baik terima kasih,Produk
barang bagus recommended ,Produk
mantap ! Pelayanan cepat dan ramah ! Recommended seller !,Layanan Pelanggan
barang bagus packingnya rapi. sellernya ramah dan fastresponddd top banget deh,Layanan Pelanggan
barang sudah diterima dengan baik  mudaha2an cepat bisa dijual  terima kasih,Produk
sorry gan Karena khawatir tapi barang oke sukses selalu,Produk
barangnya mulus sih cuman ada beberapa tombolnya agak mendelep. tapi ok lah,Produk
Produk yang diterima sesuai dengan gambar thanks gan,Produk
berfungsi dengan baik. thanks,Produk
Barang tepat dan respon cepat recommended seller,Layanan Pelanggan
Dahsayaat Super cepat respon dan Prosesnya kilat Thanks,Layanan Pelanggan
terima kasih gan barang diterima proses Pengiriman cepat semoga awet gan,Pengiriman
barang yang dikirim sesuai dengan gambar,Produk
tombol L1 nya agak mblesek kedalam gan,Produk
murah mantap dijamin menang terus pakai stik ini wkwk,Produk
Barang Sampai Packing rapi tapi Blum Ane Test Barangnya Thanks,Layanan Pelanggan
barang berfungsi dengan baik respon dan Pengiriman cepat,Pengiriman
Barang sesuai permintaan Pengiriman cepat Thanks gan,Pengiriman
Barang sudah sampai thank you,Layanan Pelanggan
barang sesuai pesanan respon oke,Produk
Good seller Good seller Good seller Good seller Good seller,Layanan Pelanggan
"barang sudah diterima dengan baik 
build qualitynya masih wajar 
semogak makin laris ",Produk
mantap memuaskan stik berfungsi optimal,Produk
mantap pencetan nya empuk semoga awet!,Produk
good-----thanks  ,Produk
stick nya bagus. enak dimainin nya. Recommended banget nih store ,Produk
"Baranh sudah diterima
terima kasib",Pengiriman
good lah bagus barangnya dan Pengiriman pke bubble wrap juga ty,Layanan Pelanggan
terima kasih gan barang sudah sampai barang bagus,Layanan Pelanggan
Baru pesen sudah sampai Joss lah.,Layanan Pelanggan
barang bagus paket Pengiriman rapi. teriterima kasih,Layanan Pelanggan
Barangnya bagus responnya cepat thanks ya gan,Layanan Pelanggan
"nice.
barang berfungsi.
terima kasih",Produk
"langsung bisa langsung dimainin tanpa pakai app lagi
mantap",Produk
TERIMA KASIHHHHHHHHHHHHHHHHHHHHHHHHHHHHHHHHHHHHHHHHHHHHHHHHHHHHHHHHHHHHHHHHHH,Layanan Pelanggan
thanksuuuuuuuuuuuuuuuuuuuuuuuu  ,Layanan Pelanggan
pelayanan cepat. harga sangat murah meriah Pengiriman gojek daerah jakarta cepat banget!,Pengiriman
Niceeeeeeeeeeeeeeeeeeeeeeeeeeeeeeeeeeeeeee,Produk
sudah sampai barangnya hari ini gan. thanks,Pengiriman
terima kasihh,Layanan Pelanggan
Seller responsive barang bagus Pengiriman cepat. Thanks,Layanan Pelanggan
Fast Respon barang ok semoga awet ya ganRecommended seller,Layanan Pelanggan
ntap recommended seller,Layanan Pelanggan
respon sangat cepat recommended seller,Layanan Pelanggan
barang sudah sampai dan sudah di tes mantap,Produk
Bagus Pengiriman cepat. semoga tahan lama,Pengiriman
cepat responnya ramah kualitas barang ajib sesuai gambar top k-onenya pesen jam 9 jam 12:20 sampai by go send thanks gan,Layanan Pelanggan
barang sudah sampai. top plug dan play,Produk
Fast ResponseFriendly Recommended Seller  ,Layanan Pelanggan
work gannn teiterima kasihhh,Produk
Produk bagus dan sesuai gambar.,Produk
Barangnya bagus gan sticknya enak dipakai,Produk
sangat memuaskan sesuaia dengan yang di post,Produk
thanks gan berfungsi dengan baik cepat pulaa,Produk
Bagussss,Produk
saya pengen minta yang merknya gamepad,Produk
belum dicoba semoga lancar berfungsi thanks mas,Produk
joystick nya bagus sesuai harga lah. thanks gan,Produk
Pengiriman cepat dan kualitas oke,Pengiriman
bagus tapi baru buat main sehari kalo di goyang stiknya kaya ada baut yang copot di dalamnya,Produk
Cepat dan oke banget controler nya enak dipakai cukup ringan respon tombol baik saya gunakan di usb laptop oke maen PS emulator cocok banget pokoke ajiiip,Produk
Tombol-tombol nya empuk dan nyaman langsung libasss buat main game favorit mantap,Produk
mantapzzzz  jiwa  ,Produk
paket mendarat tadi sore. proses cepat dan sesuai. top markotop lah pokoknyaa!,Pengiriman
sorry baru kasih ulasan. barang sudah sampai sesuai estimasi. tapi Belum dicoba semoga bagus. sukses terus!,Pengiriman
Responnya cepat banget gan terima kasih ya ,Layanan Pelanggan
pelayanan cepat barang good good seller,Layanan Pelanggan
Barang bagus dan one day service bisa,Produk
Sesuai pesanan terima kasihhh. Lancarr,Produk
tidak sesuai dengan gambar dalam hal merknya,Produk
gak sesuai yang di kirim bukan mtech tapi gpp lah thanks,Produk
Bagus bagus bagus tapi ada yang eror,Produk
mantapppppppppppppppppppppppppppppppppppppppppppp,Produk
lumayanlah tapi analog kiri stiknya gak berfungsi padahal sudah saya setting di emulatornya tapi analog kanannya bisa.,Produk
terima kasih gan Barang sampai dengan selamat.,Layanan Pelanggan
Barang sudah sampai ya dan persis seperti di foto,Produk
barang sudah diterima dengan baik dan fast response thanks ya,Layanan Pelanggan
Cepat respon semoga awet barangnyaa. Thanks,Layanan Pelanggan
Pengiriman cepat barang bagus sesuai pesanan,Pengiriman
Penjual sangat responsif. tapi kualitas barangnya kurang memuaskan standar lah dengan harganya.,Layanan Pelanggan
Beli 2 niatnya buat main game figthing brutal ancur2an. Masih kuat nih stick nya.,Produk
Barang sudah tiba min Terima kasih,Pengiriman
cepat sigap murah berfungsi dengan baik,Layanan Pelanggan
100% harga termurah dan semua port berfungsi dengan baik sangat sesuai dengan deskripsi dan foto yang dilampirkan. Recommended! ;),Produk
Barang sesuai dengan pesanan Terima kasih,Produk
Terima kasih,Layanan Pelanggan
Good Pengiriman cepat dan packing nya rapi,Layanan Pelanggan
Fast respon Pengiriman cepat. Recomendeed seller,Layanan Pelanggan
barang sudah Sampek dan berfungsi dengan baik.thnx,Produk
Wokeh mantap boleh dicoba untuk yang cari PORT USB,Produk
Top berfungsi semoga awet.,Produk
"terima kasih maju jaya
Dan aktifkan jaya",Layanan Pelanggan
Terima kasih respon cepat nya dan barangnya sudah sampai sesuai pesanan,Layanan Pelanggan
Barang yang dibeli sesuai dengan yang diinginkan joystick bekerja dengan baik.,Produk
Tombol ketigak gak berfungsi tapi selebihnya gak masalah. Terima kasih,Produk
Paket sudah diterima. Kualitas bagus dan sangat bermanfaat. thanks.,Produk
Pengiriman paketnya cepat 4 port usbnya berfungsi dengan baik kabel cukup panjang saya suka warna lampu indikatornya hehe,Layanan Pelanggan
Cepat mantap hemat nikmat,Layanan Pelanggan
Fast respon. Pengiriman cepat ,Layanan Pelanggan
Barang sampai dengan selamat. Sesuai pesanan. Fast respon.,Layanan Pelanggan
terima kasih Barang Sudah mendarat mudah2an awet,Pengiriman
mantap gan barangnya bagus sesuai deskripsi terima kasih,Produk
Produk sangat bagus dan packing rapi,Produk
barang sesuai deskripsi &  pesanan. respon seller cepat Pengiriman juga cepat. puas dengan pelayanan yang diberikan seller.,Layanan Pelanggan
Pelayanan super ok cepat langsung sampai,Layanan Pelanggan
sip mantap bosss. maaf telat review,Produk
Kemasan agak penyok di bagian ujung Kiri saat diterima.ada cacat di connector USB,Layanan Pelanggan
Barang gak sesuai display ya. Barang yang dikirim gak ada logonya polos. thanks,Produk
Produk ini sesuai lapak,Produk
barang bagus berfungsi dengan baik Recommended banget ,Produk
Barang sudah aman dan ok banget,Produk
Packing baik Pengiriman cepat mantap,Pengiriman
Barang bagus mudah mudahan awet,Produk
sudah beli yang kedua kali alatnya berfungsi semua fast respon,Produk
cepat banget cuman 1 hari sampai padahal pakai paket reguler untuk kualitas barangnya oke sesuai dengan harga recommended seller! :),Layanan Pelanggan
sesuai deskripsi kualitas bagus,Produk
terima kasih gan. Responnya cepat proses cepat Pengiriman sangat cepat. Dan kualitas barang sangat memuaskan,Layanan Pelanggan
barangg sudah diterima packaging baik cukup memuaskan,Layanan Pelanggan
Barang oke mudah2an awet.,Produk
"pesanan sudah saya terima dengan baik dan sudah dicoba berfungsi dengan baik.
thanks gan",Produk
mantap. Respon cepat langsung diproses. Sukses terus gan!,Layanan Pelanggan
Barang yang dikirim tidak sesuai dengan gambar dan deskripsi. Bentuknya yang kabel dan no audio out. Ngak pingin ngasih review sebenarnya cuma notif di toped annoying. Di update deskripsinya gan sayang trust konsumennya.,Layanan Pelanggan
Bekerja dengan baik mantap !!,Produk
Barang yang dikirimkan sesuai gambar dan kondisi cukup baik,Produk
Barang sesuai Deskripsi respon cepat Pengiriman aman sekali ntappss!! terima kasih,Layanan Pelanggan
cepat banget sampainya mantap,Pengiriman
Respon cepat 30 menit sampai di tangan sendiri terima kasih,Layanan Pelanggan
Saking cepatnya tiba sebelum 24 jam  rekomen seller top,Layanan Pelanggan
sudah dicoba dan jalan semua semoga awet,Produk
Sudah diterima belum dicoba,Layanan Pelanggan
Barang bagus dan cepat sampai enak dipakai juga,Produk
mantap rekomen banget nnti beli lagi,Layanan Pelanggan
saya puas beli di sini,Layanan Pelanggan
Barang Tepat sesuai Deskripsi. Packing rapi. Pelayanan Cepat. pokoknyaa Recommended Seller!!! Barang sudah saya coba dan berfungsi bagus. Perfect!. Dan lihatlah bintangnya 5 STAR JOSS!!! Saya tambahin jadi Enam Bintang ******. semoga MULTI KOMPUTER TAMBAH SUKSES!!!,Layanan Pelanggan
Respon seller super cepat barang berjalan baik ğŸ‘ğŸ‘ğŸ‘,Layanan Pelanggan
Normal aman gaes Fast respon,Layanan Pelanggan
"thanks
minta warna hitam datang warna putih
ya sudahlah paket aman gak ada cacat",Layanan Pelanggan
Kok Produknya ada yang retak bang Bagian L1 nya bang terima kasih,Produk
Diterima dengan baik semoga awet.,Layanan Pelanggan
Saklar lembut semoga awet dan bisa fast charging,Produk
Pengiriman cepat   ,Pengiriman
Good Joob ! Barang yang dipesan sesuai dan waktu Pengirimannya juga sesuai pertahankan terus performance ini. Thank&#39;s ,Pengiriman
Akhirnya barang sudah sampai dengan aman,Pengiriman
terima kasih barang berfungsi dengan baik,Produk
Sesuai deskripsi dan gambar,Produk
barang joss pokok nya thanks,Produk
Pengiriman cepat barang berfungsi dengan baik terima kasih,Pengiriman
barang oke sesuai deskripsi yang dituliskan Recommended,Produk
berfungsi dengan baik ğŸ‘,Produk
mantap semoga awet bro,Produk
Produk sesuai deskripsi Pengiriman cepat. mantap!,Pengiriman
ok Bagus bisa dipakai normal tank,Produk
Pengiriman tepat waktu barang sesuai harga tombol kanan kurang responsif.,Pengiriman
Packing dan kiriman cepat,Pengiriman
terima kasih gan barangnya sudah saya terima dengan baik.,Produk
barang diterima dan berfungsi dengan baik,Produk
sesua mntap terima kasih,Layanan Pelanggan
mantap belum dicoba. terkirim rapi dan cepat,Pengiriman
barang sudah diterima dan berffungsi dengan baik lampu nyala semua dan semua port berfungsi. terima kasih,Produk
Pengiriman cepat packing rapi barang berfungsi baik.,Pengiriman
terima kasih gan barang sudah sampai walau belum di cek,Layanan Pelanggan
Cakep nih gak bakal kecewa  recommend bngt,Layanan Pelanggan
Barang bagus. Respon cepat. thanks gan,Layanan Pelanggan
Barang bagus bisa dipakai semoga awet.,Produk
Barang oke dan cepat sampai.,Pengiriman
respon penjual cepat dan Pengiriman cepat,Layanan Pelanggan
Barang bagus sudah dicoba dan puas,Produk
Terima kasih barang sudah sampai tepat waktu dan sesuai pesanan dan bagus maaf telat kasih ulasan.,Pengiriman
Lumayan cepat diproses barang sesuai desktipsi mudah2an gak ada problem semua,Layanan Pelanggan
sesuai semoga awet,Produk
Bagus. barang sesuai deskripsi. Terima kasih,Produk
gak kecewa barangnya bgs sesuai dengan caption.,Produk
barang mantappp. pengirimN cepattrtr,Pengiriman
Produk mantap pelayanan ramah dan Pengirimannya cepat,Layanan Pelanggan
Pengiriman cepat barang ok dan berfungsi dengan baik tiba dengan di tempat dengan selamat. thank youu,Pengiriman
pesana sesuai spesifikasi ,Produk
Produk oke awal kebingungan pakainya gimana tapi akhirnya bisa setelah cari tau caranya. thanks,Produk
Bagus dan murah banget. Kirim juga cepat,Produk
Sangat memuaskann dan barang sesuai deskripsi sudah 3 kali beli disini dan selalu puas recommended sellerer!,Layanan Pelanggan
tkx pak barang sudah sampai respon dan proses sangat cepat ,Layanan Pelanggan
Saya pesan item di kasihnya warna putih,Layanan Pelanggan
Barangnya bagus berfungsi secara optimal dan kecepatannya benar versi 3.0 (usb versi cepat),Produk
mantappppp thanks gan ,Layanan Pelanggan
Barang bagus jalan semua tombolnya. Pengiriman super cepat. Recommended seller.,Pengiriman
mantap Ada manageble banwith nya cocok sudah,Produk
Cukup bagus. terima kasih banyak.,Layanan Pelanggan
respon cepat barang okee mantap sekali,Layanan Pelanggan
Kualitas oke gak ada tombol on/off.,Produk
Wow banget dari bales aja cepat Produknya juga sesuai pokoknyaa puas banget deh,Produk
good Produk best seller,Produk
Joss gandos pokoke joystick ne ,Produk
Barang oke pelayanan juga oke banget thanks sukses terus bro,Layanan Pelanggan
mantap sesuai harganya,Produk
Thanks gan sampenya cepat,Pengiriman
Barang sampai dengan selamat dan berfungsi dengan baik. Top Gan,Produk
sesuai foto hanya waktu dicoba gak bisa untuk connect hdd saya yang usb 3.0 kalau yang pakai usb 2.0 bisa. thanks pak,Produk
"Barang bagus mantap packing rapi seller nya juga ramah Fast respon Disaranin deh beli barang disini. Gabakal nyese
thanks yağŸ‘Œ",Layanan Pelanggan
Produk bagus sesuai deskripsi. respon dan Pengiriman cepat. Recommended seller. thanks,Layanan Pelanggan
Puasssssss. Sesuaiiiiiiiiii,Layanan Pelanggan
barang oke dan sesuai pesanan semoga tidak ada masalah thank you,Produk
Pengiriman lambat bilang bisa hari itu juga ternyata harus nunggu 2 hari,Pengiriman
"Produknya belum diterima sampai saat ini. Tapi sudah ada yang centang selesai. Sangat kecewa.
Selesai transaksi otomatis dari Tokopedia. Tokopedia untuk merevisi kebijakan mereka untuk otomatis transaksi selesai bila 2 hari barang diterima. Masalahnya kalau barang tidak diterima oleh pemesan tetapi jatuh ke tangan orang lain. Maka otomatis 2 hari transaksi selesai.",Layanan Pelanggan
Sory ulasan nya telat banget pindah hp soalnya harga bagus barang bagus Pengiriman cepat mantap,Pengiriman
"Pengirimanya cepat
terima kasih",Pengiriman
mantap ke4nya berjalan dengan sempurna build material juga bagus ğŸ‘,Produk
Nice product recommended seller,Produk
Barang sesuai cepat di proses dan cepat sampai,Produk
Respon cepat barang sesuai dengan foto,Layanan Pelanggan
Top.seller oke ğŸ‘Œ sukses,Layanan Pelanggan
Sudah diterima dengan baik gan,Layanan Pelanggan
terima kasihhhhhhhhhh banyakkkk,Layanan Pelanggan
Barang sesuai pesanan sesuai dengan harga puas pokoknyaa sudah,Produk
Bagus bagus bagus kereeeeen,Produk
paket diterima dengan sangat baik gan baru bisa kasih ulasan soalnya baru pulang luar kota,Layanan Pelanggan
harigapantas. dan berfungsi dengan baik. thanks agan,Produk
respon cepat pokoknyaa recommended lah,Layanan Pelanggan
Barang sehari langsung sampaiğŸ˜,Pengiriman
barang mantap harga bersahabat respon cepat,Layanan Pelanggan
Respon seller cepat led fan tidak nyala dan kipas pelan.,Layanan Pelanggan
mantap barang.sesuai deskrip,Produk
Barang ok dan berfungsi baik,Produk
Kualitas barang bagus &  berfungsi dengan baik,Produk
Patennn deteksi ke laptop nya langsung detek Pengiriman cepatthanks gan,Pengiriman
Barang sesuai dengan deskripsi Pengiriman sngt cepat (bayar jam 9 jam 10.30 barang sudah sampai) seller fast respon juga. Rekomen sellerğŸ‘ğŸ‘,Layanan Pelanggan
Seller fast respon Produk sudah diterima buat stok. Thanks,Layanan Pelanggan
Barang sesuai pesanan. Terima kasih,Layanan Pelanggan
respon cepat Pengiriman cepat barang sesuai contoh terima kasih,Layanan Pelanggan
"mouse ok. barang tiba dengan cepat
tapi driver gojek minta lagi uang parkir tuh gan. tapi ya ok lah",Produk
Mouse bekerja dengan baik. Tombol tombol dan scroll juga baik. terima kasih,Produk
kirimannya cepat packing nya rapi Produknya bekerja sesuai harapan. recomennded banget,Pengiriman
ongakirnya gratis dong kayak tokoh sebelah (LZ) ak kal beli di tokoh sebelah selalu gratis ongakir,Pengiriman
berfungsi dengan baik bisa langsung plug dan play. Pengiriman cuma cepat. Terima kasih gan,Produk
Bagus ada on/off switch tiap port. Kabel panjang,Produk
analognya gapake karet tombolnya sedikit keras dibandingakan stick ps2 tapi masih lumayan lah dipakai buat main pes sama emulator,Produk
lumayan bagus.,Produk
Pengiriman cepat packingan bagus thanks  ,Pengiriman
Sesuai deskripsi high respon,Produk
kabel vgak sudah diterima packing ok. hatur nuhun,Produk
Fast respon dan barangnya mulus sip,Layanan Pelanggan
Puas sekali. Terima kasih,Layanan Pelanggan
Aman gan barangnya ,Layanan Pelanggan
"Ajib gan barang work 100%.
semoga awet buat kedepan nya. recommended seler",Produk
Barangnya sesuai dan bisa digunakan dengan baik,Produk
proses cepat barang sudah sampai sesuai pesanan namun tidak bisa di gunakan. gak ke deteck. apakah salah caranya atau barangnya kurang bagus entah lah. :(,Pengiriman
mantap cepat dan kualitas baguslah,Layanan Pelanggan
mantap barang cepat sampai semoga awet,Layanan Pelanggan
Sudah diterima belum dicoba. Original garansi resmi. Mudah2an tidak ada masalah.,Produk
mantap barang sesuai Pengiriman super cepat,Pengiriman
Sadis!! Produk oke fast response,Layanan Pelanggan
Baru pakai 3minggu  sudah rusak euyy,Produk
sudah dicoba berfungsi dengan baik dan barang cepat nyampenya oke sekali,Produk
belum sempat di coba. Thnxx,Produk
Sesuai deskripsi. Baterecuma 1 jadi irit.,Produk
Biar bintang yang berbicara ,Layanan Pelanggan
semua port berfungsi dengan baik. mantap,Produk
semoga awettttttttttttttt,Produk
maaf baru review. kemasan baik Pengiriman cepat dan sudah dicoba tidak ada masalah kualitas sesuai dengan harga terima kasih ya min,Pengiriman
sesuai pesanan lumayan lah buat main berdua sama anak.,Produk
barang cepat sangat dikirim dan sesuai pesanan,Layanan Pelanggan
100 persen work gak ada kendala. Proses sangat cepat!! Terima kasih,Produk
Cepat tepat mantap terima kasih,Pengiriman
Barang oke dan bekerja dengan baik,Produk
Mudah2an semua berfungsi baik terima kasih,Produk
Baik bagus tepat waktu,Pengiriman
Thanks barang sudah diterima dan berfungsi dengan baik. Thanks,Produk
Dikirim barang ruksak wkwkwk,Layanan Pelanggan
Fast response &  Produk berjalan sesuai harapan. Recommended Seller,Layanan Pelanggan
Keren sehari sudah nyampe aja barang sesuai gambar ntapzz semogak awettt recommended dehh,Layanan Pelanggan
kualitas ok sesuai deskripsi. Top deh pokpknya.,Produk
Kualitas barang bagus sesuai harapan Packing juga sangat rapi Top sudah pkoknya ,Produk
kualitas baik dapat digunakan dengan nyaman,Produk
barangnya bagus mulus real pics. terima kasih,Produk
keren model bagus gak salah pilih,Produk
Barang sesuai orderan dan kondisi bagus,Produk
Barang josss gandosss ,Produk
Selalu seporthanks tampil gaya yang makin kece pastinya,Produk
Produk hebat persis apa yang saya inginkan.,Produk
Arloji sangat bagus. Saya suka band yang bisa disesuaikan.,Produk
Jam tangan ini sangat pas dan terlihat lebih baik!,Produk
Saya mendapatkan pujian di jam tangan ini sepanjang waktu.,Produk
Jam tangan yang bagus dan dibuat nyaman,Produk
Semuanya sangat baik saya menyukainya,Layanan Pelanggan
cocok sempurna dan gaya. Suamiku menyukainya. Terima kasih.,Produk
Saya suka jam tangan ini! tidak hanya sangat modis tetapi juga sangat tahan lama!,Produk
Produk bagus seperti yang diharapkan dan pengiriman sangat cepat!,Produk
Ini benar-benar dibuat dengan baik dan benar-benar bernilai uang menurut saya,Produk
Saya suka wajah yang benar-benar terlihat seperti jam tangan militer yang mahal.,Produk
Jam tangan ini hebat! Ini memiliki banyak fitur dan tahan air yang baik untuk kegiatan luar ruangan.,Produk
Cinta jam tangan gaya militer Biden. WIfe saya mendapatkannya untuk saya sebagai hadiah,Produk
Suka jala baja hitam dan dial hitam,Produk
Jam tangan yang sangat indah dan ringan.,Produk
Sama seperti di fotokualitas build sangat bagus super tipis.,Produk
Nilai besar ringan wajah cukup besar dan sangat anti gores,Produk
Ini ramping dan ringan. Ini adalah jam yang bagus,Produk
Saya suka jam tangan ini. Sangat tipis dan bergaya,Produk
Lumayan lah bagus sesuai harga,Produk
barangnya best saler banget kakk,Produk
barang Sesuai pengiriman juga cepat thanks,Pengiriman
barangnya sesuai bagus dan tidak mengecewakan,Produk
Sangat menyayangi jam tangan ini. Ini ramping seperti yang Anda harapkan dari jam tangan,Produk
barang bagus cepat sampai recommended banget,Pengiriman
pengirimannya sangat cepat dan aman barang tidak rusak,Pengiriman
pengirimannya tepat waktu banget kakk terima kasih,Pengiriman
pelayanan cepat dan ramah banget,Layanan Pelanggan
barangnya bagus sesuai dengan di gambar,Produk
barang datang sesuai pesanan kakk terima kasihh,Produk
pelayanannya bagus sangat ramah,Layanan Pelanggan
Sempurna persis apa yang saya inginkan,Produk
Barangnya bagus banget packing rapi respon seller memuaskan,Layanan Pelanggan
Barangnya imut2 sekale kalau untuk orang agak gemuk saya tidak sarankanâ–¡ bukan bermaksud rasis,Produk
Fast respon packing rapi jam tangannya bagus Oke banget terima kasih seller.,Layanan Pelanggan
Packing rapi warna dan tipe yang di beli juga sesuai.,Layanan Pelanggan
Produk sesuai deskripsi thanks,Produk
"Lumayanlah untuk harga seperti ini Produk sesuai iklan
Hanya sedikit terkecoh saja dengan ukuran diameternya Digambar terlihat Ukurannya Standar jam tgn dewasa Aslinya ternyata sangat kecil Cocoknya untuk anak anak SD/SMP
OVERAL OKELAH",Produk
Sesuai deskripsi harga miring cepat sampai produk berkualitas. terima kasih.,Produk
Barang oke packing oke ori juga.,Produk
packing rapi barang bagus harga murah.,Produk
Produk original kualitas mantappp dan pastinya bergaransi.,Produk
barang ori difikir besar trnyata imut2 jam nya ,Produk
cepat ngirimnya dan barangnya ok,Pengiriman
pesanan terkirim dengan baik dan rapi barang sesuai pesanan. Beautiful watch.,Layanan Pelanggan
Simpel ringan dan nyaman m fast response Recommended banget,Produk
Jam oke dan original packing bagus padahal pilih pengiriman dengan jne reg tapi dikasih via jne yes mantap,Layanan Pelanggan
Lebih cocok buat jam cewek hahhah,Produk
Produk bagus dan original pengiriman cepat hanya saja sangat kecil dimensi nya kurang cocok untuk dipakai di pria sepertinya.,Produk
barangnya bagus dan memuaskan pengirimannya cepat sekali,Produk
"respon cepat
prosescepat
barang sesuai deskripsi
thanks",Layanan Pelanggan
Barang sudah diterima dengan baik. Sesuai gambar juga. Sama persis dengan jam lama saya. Thank you ğŸ˜ŠğŸ˜Š,Produk
mantap bagus langsug dipakai,Produk
Barang sesuai dengan deskripsi produk bagus,Produk
"Respon tokoh yang lambat tertolong JNE YES order hari Sabtu sampai Selasa malam.
Packing rapi dan aman. Kualitas oke.",Layanan Pelanggan
Packing bagus barang sesuai gambar,Produk
pokoknyaa kecceh ğŸ‘ semua okke,Produk
over all good semoga awet terima kasih,Produk
Sudah sampai dan packing bagus semoga awet,Layanan Pelanggan
Saya ada perubahan pesanan termyata langsungs bisa diproses. Pengiriman cepat packing rapi.,Layanan Pelanggan
Produk original.harga murah.Layanan memuaskan.Packing sangat aman dan rapi.Seller fast respon.Pengirimannya juga cepat.Saya puas berbelanja di tokoh ini.Terima kasih,Layanan Pelanggan
Memuaskan barang sampai dengan aman packaging rapi barang mantap.,Layanan Pelanggan
Semua ok semoga awet. Thankssss,Produk
Ternyata kecil ya diameterny untuk ukuran pria. lebih cocok ke cewek sih,Produk
Barangnya bagus sekali respon juga bagus,Produk
Bagus sesuai gambar. Simple but elegant. Cepat sampai.ğŸ‘ğŸ‘ğŸ‘,Produk
saya kira agak besar diameternya gakasalah masih bisa dipakai,Produk
Respon seller cepat pengiriman cepat packing rapi produk bagusğŸ‘ğŸ‘,Layanan Pelanggan
Packing good. Barang sesuai deskripsi daaannn semoga awet,Produk
Fast response great seller great watch. Happy shopping,Layanan Pelanggan
barangnya bagus sesuai deskripsi gambar,Produk
Sesuai harga cocok oke,Produk
Packing aman banget produk ori sesuai iklan Thanks,Produk
Barang bagus sesuai gambar terima kasih ğŸ‘ğŸ‘,Produk
Produk mantap pengiriman cepat,Produk
Jamnya bagus Meskipun simple namun terkesan mewah. Pengiriman juga sangat cepat Penjual sangat ramah responsif dan sabar. Sebelum pengiriman penjual menelpon dahulu untuk konfirmasi produk akan dikirim Well service :) Jamnya original dilengakapi dengan kartu garansi. Recommended ,Layanan Pelanggan
Barangnya okeee loh ,Produk
Yang penting Original. terima kasih.,Produk
Barang bagus tapi kecil cocok untuk cewek pengiriman cepat packing baik,Produk
Barang sesuai harapan thanks ,Produk
Barang telah diterima dengan baik pengiriman cepat barang sesuai pesanan. Terima kasih.,Pengiriman
Keren barangnya dan tepat waktu,Produk
Ok barang sudah nyampe Thanks ya,Produk
luar biasa.kemaren bayar hari ini barang sudah sampai.sukses terus ya.,Pengiriman
Kualitas produk cukup bagus kelengakapannya juga ada semua kaya manual dan garansi.,Produk
barang sudah diterima dengan baik gan. maaf baru kasih ulasan. terima kasih,Produk
Jamnya keren banget packing rapi dan berfungsi sebagaimana fungsinya.,Produk
Bagus Pengiriman cepat Ori Makasi ya,Pengiriman
Barang bagus harga maknyuuzzz Top markotop hahahaa ,Produk
Barang bagus sesuai sama harga,Produk
Paket sudah diterima sesuai pesanan packing rapi proses dan pengiriman cepat thanks gan ğŸ‘ğŸ‘ğŸ‘,Pengiriman
Cepat barang bagus sesuai pesanan packing rapi ahh seneng dehhh,Produk
Barang diterima sesuai deskripsi dan dikemas dengan rapi,Layanan Pelanggan
Produk yang dikirim berbeda dengan pics karena di pics hanya ada warna strap hitam saya pikir hanya itu yang tertera. Ternyata barang yang dikirim strap coklat ring gold kurang cocok untuk pria. Alhasil gak jadi pakai. Overall jamnya bagus. Hanya box nya saja kurang menarik.,Produk
Barang sudah smp cuma gak sesuai dengan yang saya pikirkan tapi barang sesuai gb kok ,Produk
Pelayanan baik pengiriman cepat.,Layanan Pelanggan
Barang bagus sesuai gambar dan deskripsi. Pelayanan oke. cepat smp ğŸ‘,Produk
Barang sesuai gambar dan fast respomğŸ™ğŸ™,Layanan Pelanggan
Barang sesuai. terima kasih,Produk
Keren jamnya terima kasih ya,Produk
Cepat dan sesuai pesanan,Pengiriman
respon cepat dan karena tempatnya dekat dengan rumah pengiriman jadi hanya butuh satu hari. good ğŸ‘Œ,Layanan Pelanggan
"Jamnya bagus simple dan ori
Tapi ko gak ada kartu garansinya ya?
kalo rusak gimana?",Produk
Barangnya keren. tapi packingnya biasa aj,Produk
Produk sudah sampai packing rapi,Produk
Excellent!. Fast response pengiriman cepat banget. Jam nya juga bagus simple Sukaaaa!. semoga awet. terima kasih:),Produk
Pengiriman cepattt sayaukaa sekaliih ğŸ˜,Pengiriman
Barang sesuai dengan pesanan thanks,Produk
Barang bagus dan stylis dan dinamis,Produk
thanks kakak cantikkkkk tyyyyyyyyyyyyyyyyyyy siiiiiiiiiiiiiipppppp tyyyyyyyyyyyyyyyyyyy siiiiiiiiiiiiiipppppp,Produk
Bagus nyaman dipakai kualitas bagus,Produk
Fast Respond. Thanks ğŸ™,Layanan Pelanggan
Barang standar sesuai harig,Produk
Cocok dipakai bokin  ,Produk
Barang bagus pelayanan ok terima kasih ,Produk
Sip pengiriman cepat barang sesuai dan paketnya rapi.,Pengiriman
Barang sesuai deskripsi. Packing rapi. Recommend,Produk
Walaupun barang tidak sesuai yang dipesan tapi senang dengan pelayanan penjual.,Layanan Pelanggan
Barang sudah terima. thanks tokopedia,Pengiriman
respon cepat barang aman di packing dengan bubble wrap cukup tebal dan barang sesuai hanya saja Judul etalase dengan deskripsi tidak sesuai di judul menyatakan menjual jam tipe MQ-38-1A namun deskripsi barang yang dijual adalah tipe MQ-24-1A hal ini sudah jelas tidak sesuai dari bentuknya. Mohon dirubah deskripsinya agar tidak terjadi kesalahpahaman saat pembelian. Thankyou.,Produk
"Barang sudah sampai
Ok",Pengiriman
Barang sudah diterima. Recommended. Lebih cocok untuk yang tangannya kecil.,Produk
Kualitas baik harga terjangakau. pokoknyaa top dehğŸ˜„,Produk
Kualitas sesuai harga bagian samping jam sedikit keras jadi kdengan tidak nyaman ke kulit. Overall baik :),Produk
niceeee. tahan air aku bawa berenang baik2 aja,Produk
cepat tepat akurat.terima kasih,Pengiriman
Hihihi kecit gan btw bagus dan thanks,Produk
Ya baguslah semoga awet,Produk
Respon sangat cepat barang dibungakus dengan sangat oke. Arlojinya sendiri bagus &  berfungsi dengan baik.,Layanan Pelanggan
Ternyata mungil bngt tapi baguslah,Produk
Barang cepat sampai Recommended seller,Pengiriman
Jamnya ukuranya kecil jadi ngak sesuai ekspetasi,Produk
Jamnya bagus tapi sayang ukurannya kalo buat saya sih kecil banget,Produk
Barangnya gemeeeshhhh ori semoga awet,Produk
Product sesuai dengan iklan,Produk
Barang original Casio ada warranthanks card juga cocok buat kado seseorang haha.terima kasih,Produk
Pengiriman cepat produknya bagus sayang agak kecil,Pengiriman
Bgs sesuai harga ternyata barangnya mungil/ kecil sekali. tapi bfs fungsinya.,Produk
Sesuai deskripsi Good job,Produk
Produk sesuai deskripsi dan pengiriman tepat waktu.,Pengiriman
Barang sudah nyampe dengan selamat packing rapi barang cepat nympe. semogak Awet,Layanan Pelanggan
pengiriman cepat produk berfungsi tapi tyt ukuran kecil,Pengiriman
Barang bagus sesuai deskrip packing mantapğŸ‘ğŸ‘,Produk
Makasi Sesuai pesanan tapi jamnya ternyata kecil ya,Produk
Packing ok mantap cuma kecil sekali ya gan. Bayangan saya tidak sekecil itu.,Produk
Cepat sampainya semogak awet ada garandinya juga,Pengiriman
Barang sudah sampai dalam keadaan baik dan cepat di foto jam terlihat lebih besar aslinya jauh lebih kecil hehehe tapi semunya bagus kok!!! Terima kasih,Produk
sesuai pesanan sayang respon penjual lambat mungakin karena saya beli jam yang harga murah pengiriman jne reguler lama pesan senin datang sabtu,Layanan Pelanggan
Barang sudah sampai dengan selamat packing rapi pakai bubble wrap jadi aman. Jam sesuai ekspetasi,Pengiriman
Sesuai dengan deskripsi iklanoriginal berkualitas baik,Produk
Paketan sudah sampai dengan selamat dan aman terima kasih,Pengiriman
Packing rapi dan pengiriman cepat,Pengiriman
barang oke sesuai harga dan juga cepat sampai. mantap jiwa,Produk
Terima kasih Kak Jam sudah mendarat dengan selamat  ,Pengiriman
Barang bagus cepat sampai pokonya Recommended seller ,Produk
"Mantulllll.  
Recommended seller ",Layanan Pelanggan
Pengiriman super cepat. Produk ori,Pengiriman
tengakiu boss barang da sampeeeeeeeeeeee,Layanan Pelanggan
Karena ini produk flash sale Okelah. Produk baik. Untuk ukuran pria dewasa produk ini terlalu kecil di tangan pengiriman cepat ,Produk
Barang sudah saya terima,Pengiriman
thanks for 25k flash sale Tokopedia thank you for patient dan very kind seller. Recommended,Layanan Pelanggan
Kualitas biasa saja modelny juga standar cenderung krg tapi dapat pas flessel jadi ya ntap juga,Produk
Terima kasih banyak barang telah diterima dengan baik semoga tidak ada kendala,Layanan Pelanggan
Bahan ringan lentur. Sukaaa banget. Pengiriman cepeeet terima kasih ğŸ˜Š,Produk
*5 untuk produk *3 pelayanan,Produk
Produk oke sesuai deskripsi,Produk
Barang sesuai dengan pesanan terima kasih kepada pihak yang bersangakutan.,Produk
produk berkualitas  :),Produk
pengiriman cepat dan sesuai spesifikasi,Pengiriman
Barang bagus pas dapet flash sale 25rb. Packing luar biasa.Good Seller.tambah sukses Gan,Layanan Pelanggan
packing rapi produk original. manual &  kartu garansi lengakap. Recommended seller ,Layanan Pelanggan
"Barang sudah mendarat kak
Joosss banget kak barang nya
Dan pst nya saya sangat bahagia bisa mendapatkan jam ini secara FLASH SALE
Terima kasih tokopedia dan Terima kasih juga untuk kk pmilik tokoh ini  
Sukses slalu",Layanan Pelanggan
lumayan bagus walaupun diameternya kecil,Produk
Flash sale murah pakai banget,Layanan Pelanggan
sip. dari 300rebu jadi 25rebu. Kamsia promonya. Hehe,Layanan Pelanggan
Bagus banget dehh. Walau dapet flash,Produk
Dapat dari flash sale barang original pengiriman rapi memuaskan ğŸ˜‰,Layanan Pelanggan
Barangnya ori ringan dan bisa nyala dengan baik,Produk
"murah gila flash sale 25rb
barang top
recommended seller",Layanan Pelanggan
Beli di flashsale produk bagus packing rapi dan aman pengiriman cepat ,Layanan Pelanggan
Ternyata jamnya kecil tapi barang bagus. Lumayancuma 25rb. thanks,Produk
Beruntung dapet flash sale 25k thanks,Layanan Pelanggan
Barang bagus packing bagus cma respon tokoh dan proses update pembeliannya lama sampai nyaris habis batas waktu. Mohon ditingakatkan respon dari admin tokonya. thanks.,Layanan Pelanggan
terima kasih buat promo ramadhan 25k nya,Layanan Pelanggan
Terima kasiiiiiiiiiiiiiiiiiiiih bagus banget terima kasih juga buat toped atas Flash sale 25 nya ,Layanan Pelanggan
Memuaskan sekali harga murah,Produk
Produk baik asli. Jamnya kecil cocok buat Adek saya. Recommended,Produk
pesanan sudah diterima dan berfungsi dengan baik. Thanks.,Produk
Alhamdulillah dapet flash sale Produk oke pengiriman cepat Thanks Tokopedia Thanks Luxolite SG ,Pengiriman
Yuhuuu Kebagian juga flash sale ya.,Layanan Pelanggan
Barang bagus. Dapat dari flash sale thanks tokopedia,Produk
Produk sesuai pengiriman cepat,Layanan Pelanggan
Ok dan sesuai deskripsi,Produk
Barang sesuai harapan pengiriman cepat fast respon,Layanan Pelanggan
Kerenn. Rapi. Barang cepat datengnya.,Pengiriman
pengiriman aman seller juga ramah terima kasih sukses terus mau kasih lebih dari bintang 5 gabisa ğŸ˜‚,Layanan Pelanggan
mantap pokonya Recommended,Produk
Pengiriman lamaaa ,Pengiriman
Barang sesuai pesanan dan berfungsi sebagai mana mesti nya.,Produk
Bagus Barang Sesuai deskripsi packing aman.,Produk
Sesuai permintaan dan fast respon ğŸ‘ğŸ»,Layanan Pelanggan
mantap bagussssssssssss,Produk
Barang sesuai gambar garansi 1 tahun. Saya kira buat cowok. Maaf dismiss. All Good.,Produk
Cengli lah jossssssssss,Produk
Nice. Barang ori sesuai deskripsi. harga kompetitif. Respon seller juga cepat. Recommended seller.,Layanan Pelanggan
Barang sudah diterima dengan baik cepat packing rapi mantap,Pengiriman
Barang bagus penjual ramah packing rapi dan pengiriman cepat.,Layanan Pelanggan
Barang oke sesuai deskripsi thanks,Produk
Produk sesuai yang ditawarkan,Produk
Produk asli dan bergaransi Recommended seller ğŸ‘,Produk
Ternyata ukuran jam tangannya kecil sekali. Kurang cocok kalau dipakai laki-laki.,Produk
Rapi dan sesuai yang diminta,Layanan Pelanggan
terima kasih barang sudah sampe,Pengiriman
Thanks ya. Jamnya sesuai gambar dan berfungsi baik.,Produk
Produk bagus lumayanlah daripada beli di tempat ecek-ecek. semoga awet.,Produk
Kerennnssssss packaging rapi Jam nya kece,Layanan Pelanggan
Keren jam nya thanks flash sale,Produk
terima kasih barang sudah keterima kasihajamnya ternyata keciltapi gpp lah ada discountnya juga jadi barang sesuai harga.,Produk
Pesanan sesuai dengan deskripsi.,Produk
Baguss tapi agak kecil ya overall baguss dechhh,Produk
barang bekerja dengan baik.,Produk
Kerennn sesuai ama yang di foto pulaa hehehe,Produk
Bagus jam nya nyaman dipakai. Sesuak pics,Produk
Proses cepat packaging aman bintang 5 gan,Layanan Pelanggan
Barang sudah sampai terima kasih gan,Pengiriman
Barang baru sampai packing rapi tapi dalamnya berantakan yah,Layanan Pelanggan
sukaaaaaaaaaaaaaaaaaaaaaaaaaaaa,Produk
sesuai harga pengiriman cepat.,Pengiriman
Barang bagus sesuai deskripsi mungakin ke depannya pelayanan bisa ditingakatkan lagi,Layanan Pelanggan
saya order yang tipe MQ 71 4BDF malah seller kirim tipe lain yang saya gak suka ğŸ˜ˆ kalo emang gak ada stocknya tlg dong saya diberitahu jadi saya bs pilih model lain. saya kapoklah gak mau belanja di tokoh ini langsung,Layanan Pelanggan
Barang bagusssssssss,Produk
Baguss istri saya suka,Produk
produk berkualitas tidak ragu pesan dilapak ini. top markotop daaah,Produk
Barang asli sesuai dengan deskripsi pelayanan chat ramah waktu sempet ditanya prosesnya lama mungakin karena banyak pesanan so far puas banget,Layanan Pelanggan
Barang bagus dan cepat kirimnya,Pengiriman
Barang sesuai gambar &  deskripsi.,Produk
tippp,Layanan Pelanggan
Barang bagus Original,Produk
Barang sesuai dengan gambar. semoga rezekinya berkah,Produk
Barang sudah diterima trm ksh,Pengiriman
barang sesuai pesanan dan.berfungsi dengan baik terima kasih,Produk
Barang sesuai deskripsi dan pengirimannya cepat.,Pengiriman
Pengiriman nya lamban jadi ngak kepake buat natal sudah,Pengiriman
Respon dan pengiriman cepat barang sesuai dengan deskripsi dan berfungsi,Layanan Pelanggan
Barang sesuai dengan fotonya,Produk
Barang sesuai warna dan pesenan kemasan rapi dan aman Puas banget,Produk
Produk original keren respon penjual cepat,Layanan Pelanggan
Produk original sesuai deskripsi packing aman dan berfungsi dengan baik ^_^ terima kasih,Produk
Mantal jaya gan respon &  pengiriman sesuai. thanks,Pengiriman
Jam nya bagus sayangnya saya order sesuai iklan warna merah dan sudah tulis keterangan tapi jam yang sampai hitam harusnya bs info ke buyer kalo stok warna hitam. thanks,Layanan Pelanggan
Setelah menunggu dari retur akhirnya datang juga. Baiknya sebelum kirim pastikan kondisi jam dalam keadaan baik. sehingga pembeli pun tidak dirugikan dengan waktu dan biaya retur. Update 25 Dec 2018: Baru coba dipakai hari ini sebagai hadiah natal keponakan saya ternyata jam bermasalah lagi tidak hidup kembali. Merasa malu sebagai hadiah tapi mengecewakan.,Layanan Pelanggan
Pengiriman cepat packing rapi kualitas produk baik. bagus,Produk
Paket rapi tidak ada cacat naun pengiriman lama,Pengiriman
mantap fast respon dikirim juga cepat barang juga oke punya,Layanan Pelanggan
barang joss Recommended seller,Produk
Barang sudah sampai proses dan pengiriman barang cepat barang sesuai pesanan. Thankss,Pengiriman
Mantaaaaab,Produk
Pas sekali sesuai ekspektasi,Produk
Barang cepat sampai dan bagus kualitasnya,Pengiriman
Barang sesuai dengan foto bekerja dengan baik tidak ada cacat recommended.,Produk
Jamnya bagus keren. Kacanya ada motifnya gak flat. Respon seller cepat pengiriman cepat,Layanan Pelanggan
Sesuai deskripsi dan harga oke produk mewah terlihat semoga awet.,Produk
yang dikirim tidak sesuai produk,Layanan Pelanggan
Mewah dengan harga murah love it! ğŸ’•,Produk
barang bagus kerenn penjual ramahterima kasih,Layanan Pelanggan
Sesuai deskripsi barang mudah2an awet,Produk
Service cepat produk unik cocok buat kado,Layanan Pelanggan
mantap cepat barang bagus tidak akan kecewa,Produk
Gagah dipakaiyang pasti pengiriman cepat banget. Sukses trs,Pengiriman
Bagus murah berkualitas overall saya puas dengan pelayanan pelapak ini good job,Layanan Pelanggan
Cepat sampaisip lanjuut teruussemoga kualitas pelayanan tetap di pertahankan,Layanan Pelanggan
Packing rapi harga bersahabat Dan kualitas nya tidak diragukan lagi,Layanan Pelanggan
Sudah sangat sesuai. Dan sesuai dengan harganya Terkesan simpel dan elegan,Produk
mantap cuco meong pokonya tooop banget lah  Thanks banget gan,Produk
Barang bagus sesuai pesanan. Lanjuntukan Bosku,Produk
Pengiriman cepat packing rapi good merchant,Pengiriman
Jam tangan nya mantappppp,Produk
Untuk kualitas produk biar bintang yang bicara next order lagi.,Produk
Produk bagus asli sesuai dengan gambar dan deskripsi respon seller cepat rekomendasi nih seller,Produk
Saya sangat puas. Barang sesuai yang diharapkan,Produk
mantap pak boss mulus kinclong seger,Produk
Bos kuu,Layanan Pelanggan
Barang bagus cepatpuas.karena mama saya suka terima kasih,Produk
Barang berkualitas gak rugi belinya. thanks gan,Produk
Bagus sesuai gambar ğŸ˜Š,Produk
barangnya bener2 sesuai ekspektasi saya begitu terima terkesan sangat mewah. benar2 jam yang saya butuhkan untuk menambah penampilan. semoga jam ini awet dan membawa kebaikan bagi saya dan penjual. respon bagus pengiriman cepat. good reseller. thanks,Produk
Kualitas barang bagus Hanya lebih kecil dari yang warna gold warnanya bikin klop. Thanks,Produk
Jamnya bagus banget dan cukup berat tapi mantap.,Produk
barang diterima dalam kondisi baik dan siap dipakai,Produk
Barang sesuai deskripsi packing aman pengiriman cepat.,Pengiriman
Barang berfungsi dengan baik dan mendarat dengan selamat packing rapi belum di test aja untuk luminosnya. Thank&#39;s sukses buat sellernya,Produk
pesanan sesuai deskripsi dikemas rapi dan berlapis dan terkirim pada waktunya. terima kasih.,Layanan Pelanggan
Bagus dan sesuai pesanan,Produk
Barang sesuai pesanan dan deskripsi. Jam nya bagus,Produk
produk bagus sesuai pesanan dan proses cepat terima kasih,Produk
Pemutar jamnya rusak dan jam tidak glow in the dark. tapi tokoh mau bertangung jawab mengganti. terima kasih,Layanan Pelanggan
Sudah sampai Original ğŸ‘ğŸ‘,Produk
produk oke packing oke glow in the dark berfungsi cuma ini ori kan ya harusnya ada garansi kan ya ?? tapi gak ada kartu garansi atau tanda untuk garansinya,Layanan Pelanggan
Pecking barangnya kurang rapi. Pesanan yang pertama packing barang lebih rapi dan bagus. Terima kasih,Layanan Pelanggan
Jamnya simpel. Enteng tidak begitu besar. Bagus.,Produk
Barang sesuai deskripsi pengiriman cepat kualitas memuaskan. recommended seller,Produk
Sesuai ekspetasi barang bagus kualitas alus  Istri seneng dikasih ini cuma gak jadi kejutan soalnya yang nerima paket yang bersangakutan ğŸ˜,Produk
Suka banget. Bagus. Ori thanks ya,Produk
Nice stuff dan great love it!!!,Produk
mantap jamnya bos ğŸ‘ğŸ‘ğŸ¤˜ğŸ¤˜,Produk
produk sudah diterima dengan baik dan sesuai deskripsi. terima kasih moment watch,Produk
Barang cepat sampai. Thankyou,Pengiriman
dikira buat cwok ternyata cewek diameternya agak kecil tapii prodk bagus,Produk
Barang bagus ditunggu diskonnya lagi,Produk
barang sampai dengan selamat sentosa maaciwww yaaa  saya suka saya suka &gt;&lt;,Pengiriman
gak nyangaka keren banget jamnya hi hi,Produk
Pengiriman sangat cepat. Terima kasih,Pengiriman
Pesan + bayar tgl. 07 Sep 18 jam 2 siang. Barang tiba tgl. 08 Sep 18 jam 10 pagi. Fast Respon. Packing aman + rapi. Barang bagus dan semoga awet. Recommended dan Sukses selalu untuk Reseller ini.,Layanan Pelanggan
Packingnya keren rapi dan aman pakai bubble wrap. semoga awet ğŸ˜‰,Layanan Pelanggan
Produk kedua yang saya beli disini masih memuaskan produk sesuai dan 100% ori.,Produk